File,Label
90421068-27692.jpg,0
81279751-18187.jpg,0
106361457-9185.jpg,0
90365189-46623.jpg,0
156334790-39859.jpg,0
1296958024-241.jpg,0
412313440-51975.jpg,0
156212657-26774.jpg,0
1115533002-51586.jpg,0
51877884-54509.jpg,0
1239517690-62419.jpg,0
90510117-41807.jpg,0
434927360-20630.jpg,0
182738282-62024.jpg,0
95954083-56399.jpg,0
1068522275-60650.jpg,0
151971362-12942.jpg,0
73215589-64983.jpg,0
65126943-36762.jpg,0
1527440247-35775.jpg,0
92154422-63724.jpg,0
116414867-43806.jpg,0
718663363-14014.jpg,0
274656469-17618.jpg,0
1550429052-31872.jpg,0
1341610400-5053.jpg,0
199153188-32753.jpg,0
187740607-37476.jpg,0
1376358543-15564.jpg,0
842921163-7736.jpg,0
56939615-32211.jpg,0
1378540152-47681.jpg,0
71563164-50707.jpg,0
327612967-45863.jpg,0
967852322-33337.jpg,0
102527584-31791.jpg,0
8184710-39493.jpg,0
1503217290-54107.jpg,0
126559786-40602.jpg,0
185063488-32824.jpg,0
338547741-35332.jpg,0
188727618-2561.jpg,0
1106517541-55498.jpg,0
104556492-42289.jpg,0
7475692-3975.jpg,0
194630259-52252.jpg,0
146948720-6968.jpg,0
1558117724-9872.jpg,0
118155827-13998.jpg,0
48210922-38971.jpg,0
193043559-6568.jpg,0
155824823-8473.jpg,0
155132160-65028.jpg,0
1002536285-58583.jpg,0
102056384-1397.jpg,0
128824580-12890.jpg,0
102761604-27499.jpg,0
94832631-7142.jpg,0
510633044-20282.jpg,0
442663910-9773.jpg,0
328417404-10873.jpg,0
1342064361-64268.jpg,0
172418857-58588.jpg,0
161765442-10742.jpg,0
546343470-56090.jpg,0
1298550083-9826.jpg,0
5115417-57756.jpg,0
68956042-46708.jpg,0
200751457-43583.jpg,0
343614556-6503.jpg,0
446062074-2618.jpg,0
408756570-56476.jpg,0
48549873-52142.jpg,0
12079846-54014.jpg,0
60612266-40931.jpg,0
183318395-25887.jpg,0
809849791-8883.jpg,0
57432312-993.jpg,0
1386213006-46328.jpg,0
923851752-11437.jpg,0
93840159-64503.jpg,0
226040885-34470.jpg,0
155014510-48017.jpg,0
175442435-47336.jpg,0
15503444-17799.jpg,0
42141731-30894.jpg,0
537159897-42951.jpg,0
1098347942-34053.jpg,0
1386314515-35221.jpg,0
1161461674-32259.jpg,0
120455670-37547.jpg,0
7419534-10472.jpg,0
1552335641-62311.jpg,0
198315152-3451.jpg,0
1179932631-27888.jpg,0
43515674-47814.jpg,0
100945025-10622.jpg,0
149659243-38878.jpg,0
157920791-45487.jpg,0
1022319385-1285.jpg,0
47522640-63724.jpg,0
62934430-52122.jpg,0
806732677-14458.jpg,0
208214978-26335.jpg,0
130052701-9691.jpg,0
6579124-42022.jpg,0
1313917609-63901.jpg,0
48810963-23384.jpg,0
678555694-19101.jpg,0
176111378-37012.jpg,0
177859093-35035.jpg,0
233327706-31043.jpg,0
1548719630-51389.jpg,0
206530937-19553.jpg,0
110534189-42428.jpg,0
1409749556-13451.jpg,0
92421578-24392.jpg,0
183252438-9511.jpg,0
30405751-5582.jpg,0
79120961-62637.jpg,0
47185743-60269.jpg,0
229130262-32894.jpg,0
927548339-49787.jpg,0
317223295-1579.jpg,0
52259195-63917.jpg,0
182455037-30790.jpg,0
15029650-56559.jpg,0
197635681-45514.jpg,0
87751154-2376.jpg,0
188023660-12729.jpg,0
357115208-24883.jpg,0
112463887-61518.jpg,0
159254736-61248.jpg,0
126915202-14087.jpg,0
137940390-12044.jpg,0
555019365-35455.jpg,0
53121695-31061.jpg,0
747363260-5544.jpg,0
380127366-52546.jpg,0
127139219-11514.jpg,0
57026721-50483.jpg,0
176856088-28889.jpg,0
287734645-21042.jpg,0
53710474-18366.jpg,0
1178818991-25098.jpg,0
171524910-18105.jpg,0
471326325-26353.jpg,0
1422664723-44739.jpg,0
1554252228-38302.jpg,0
155575718-12621.jpg,0
1555147076-34743.jpg,0
181440520-57777.jpg,0
415328032-37760.jpg,0
200917781-35143.jpg,0
286722067-63932.jpg,0
1014756339-50669.jpg,0
551464982-35305.jpg,0
118773040-48246.jpg,0
1148020555-54426.jpg,0
242323955-61013.jpg,0
53465522-25811.jpg,0
642825871-15796.jpg,0
626764224-23297.jpg,0
137212389-37727.jpg,0
617137295-18678.jpg,0
1539414856-54007.jpg,0
1218453514-34114.jpg,0
1055839950-61593.jpg,0
145226622-30815.jpg,0
213926230-26619.jpg,0
1191220797-33047.jpg,0
173959967-17579.jpg,0
181338840-6650.jpg,0
90665435-948.jpg,0
523537917-10674.jpg,0
7590216-36080.jpg,0
1180651732-53264.jpg,0
123820270-21817.jpg,0
93551608-60851.jpg,0
126651720-59095.jpg,0
89438140-15475.jpg,0
637236338-15839.jpg,0
51849312-39184.jpg,0
1205427849-59589.jpg,0
100738077-54097.jpg,0
101646704-21414.jpg,0
148157009-11021.jpg,0
29082094-12516.jpg,0
105636708-54600.jpg,0
1186821887-39870.jpg,0
22223266-64835.jpg,0
152252532-35054.jpg,0
194537398-47723.jpg,0
78130837-56331.jpg,0
527534577-31329.jpg,0
506049153-1717.jpg,0
1145363663-47843.jpg,0
89319593-5751.jpg,0
1535148332-34645.jpg,0
135247216-49866.jpg,0
132826987-30667.jpg,0
14974644-56951.jpg,0
727119679-32022.jpg,0
56240367-8653.jpg,0
105418367-50239.jpg,0
520461976-9255.jpg,0
878728894-20305.jpg,0
316064972-24697.jpg,0
289859633-10377.jpg,0
170713291-24487.jpg,0
6492584-17654.jpg,0
885319271-30766.jpg,0
13096322-34237.jpg,0
9074514-56637.jpg,0
19227936-8986.jpg,0
97062444-40454.jpg,0
729950363-15145.jpg,0
9468807-52924.jpg,0
315913530-38893.jpg,0
55530087-65513.jpg,0
146515165-7335.jpg,0
1390435044-19248.jpg,0
154441450-19675.jpg,0
84879303-15417.jpg,0
19696951-49649.jpg,0
473738066-30186.jpg,0
10115997-53829.jpg,0
12898518-61088.jpg,0
147721204-38022.jpg,0
1074336307-12154.jpg,0
140213466-9699.jpg,0
77124291-46737.jpg,0
843835454-9389.jpg,0
177332301-56496.jpg,0
14926165-35833.jpg,0
137017054-57397.jpg,0
19984829-1958.jpg,0
1406351421-627.jpg,0
48355895-20862.jpg,0
876126016-15095.jpg,0
61731496-14090.jpg,0
191762638-38432.jpg,0
83347729-56799.jpg,0
1252920071-4220.jpg,0
131953582-48930.jpg,0
1375760170-9411.jpg,0
1204224204-18926.jpg,0
127660713-27623.jpg,0
579910049-38820.jpg,0
130562770-8184.jpg,0
115364075-23068.jpg,0
1383447273-2220.jpg,0
239137942-63111.jpg,0
948021869-16259.jpg,0
565026127-44114.jpg,0
18628671-44622.jpg,0
1525138267-2764.jpg,0
949110263-32043.jpg,0
893316152-39090.jpg,0
1221136612-22954.jpg,0
5048782-49292.jpg,0
1195517934-12731.jpg,0
243947584-15532.jpg,0
142215905-30792.jpg,0
110751620-62753.jpg,0
69826437-12208.jpg,0
55230445-41499.jpg,0
1327523412-47381.jpg,0
41761145-2831.jpg,0
1551436750-23477.jpg,0
114010870-319.jpg,0
1534844034-29981.jpg,0
49863420-11359.jpg,0
2024103-53964.jpg,0
194332163-18827.jpg,0
112263453-12322.jpg,0
1259047022-38614.jpg,0
48963784-64900.jpg,0
468959368-50231.jpg,0
138223753-55357.jpg,0
302850344-36682.jpg,0
613939879-44184.jpg,0
28421343-31140.jpg,0
41854192-1222.jpg,0
73823503-2848.jpg,0
1270950621-13943.jpg,0
81353852-1549.jpg,0
673761888-26574.jpg,0
49316748-35004.jpg,0
875161206-63326.jpg,0
1451721642-59794.jpg,0
1554034563-16948.jpg,0
537926056-47805.jpg,0
191465289-35193.jpg,0
872744457-55728.jpg,0
16112419-8502.jpg,0
46923606-23663.jpg,0
127948180-18714.jpg,0
150348736-55176.jpg,0
56827740-9192.jpg,0
55342923-20720.jpg,0
56221984-23056.jpg,0
533755747-31633.jpg,0
1464042757-23808.jpg,0
842158081-41895.jpg,0
754531818-52527.jpg,0
1128264746-12180.jpg,0
501426323-29963.jpg,0
1133541500-41148.jpg,0
82525572-61511.jpg,0
173124658-29943.jpg,0
77552257-60615.jpg,0
1204651610-34628.jpg,0
113733143-4885.jpg,0
198849528-37768.jpg,0
109715071-23211.jpg,0
111510826-45118.jpg,0
206920103-8938.jpg,0
13449578-64673.jpg,0
29645562-41184.jpg,0
169913563-12315.jpg,0
89153843-59768.jpg,0
195519492-54246.jpg,0
149936332-38644.jpg,0
54699773-55675.jpg,0
787559776-5744.jpg,0
82263783-4352.jpg,0
1183041459-41229.jpg,0
187434936-18531.jpg,0
742859125-52959.jpg,0
8051931-61299.jpg,0
515014172-7317.jpg,0
437035143-20674.jpg,0
1114313745-18901.jpg,0
147259396-39019.jpg,0
395130767-53088.jpg,0
201119143-34018.jpg,0
955158076-16319.jpg,0
11941416-35110.jpg,0
159563740-45176.jpg,0
1119358581-64906.jpg,0
129563573-48147.jpg,0
188824826-27662.jpg,0
53016517-34727.jpg,0
1359846045-51637.jpg,0
113353286-33187.jpg,0
198148594-7710.jpg,0
523840019-60383.jpg,0
144854419-19398.jpg,0
1081142259-47308.jpg,0
838433861-29437.jpg,0
222737369-5473.jpg,0
1433836138-1432.jpg,0
12417173-12220.jpg,0
14418380-15632.jpg,0
4409989-6826.jpg,0
66442891-35767.jpg,0
1538851189-42321.jpg,0
70723558-54344.jpg,0
94729521-41939.jpg,0
829815894-43965.jpg,0
192535321-9782.jpg,0
1148417320-9122.jpg,0
141679376-58249.jpg,0
82013277-43609.jpg,0
17808760-42683.jpg,0
691835416-32157.jpg,0
131338432-4642.jpg,0
69151186-7728.jpg,0
12182721-32324.jpg,0
26384118-58684.jpg,0
1306125971-47422.jpg,0
163561752-15287.jpg,0
20777867-6007.jpg,0
94143721-9853.jpg,0
841455466-47770.jpg,0
171956123-45481.jpg,0
122713503-12720.jpg,0
797116210-52073.jpg,0
1339618282-20673.jpg,0
65260992-62539.jpg,0
59439193-36868.jpg,0
851256271-37859.jpg,0
30354651-49413.jpg,0
1556124514-61689.jpg,0
321763438-23833.jpg,0
64494398-7067.jpg,0
112550885-24387.jpg,0
151423601-10685.jpg,0
652310782-29214.jpg,0
600714146-36189.jpg,0
1499650088-40823.jpg,0
130816835-55690.jpg,0
217335322-4181.jpg,0
78742099-64470.jpg,0
683122433-34600.jpg,0
383352313-1263.jpg,0
546427897-30674.jpg,0
122350757-55201.jpg,0
10368537-46343.jpg,0
